,context,question,answer,category,groundedness_score,groundedness_eval,relevance_score,relevance_eval,standalone_score,standalone_eval
7,"Novel organovoltaic materials and uses thereofOrganic photovoltaics (OPVs) based on a slot-die coated ternary blends for low-intensity light harvesting are disclosed herein. The ternary blends comprise either a N-annulated perylene diimide-based electron acceptor material or an aalkyl-12,13-dihydro[1,2,5] thiadiazolo[3,4e]thieno[2&#34;,3&#34;:4&#39;,5&#39;] thieno[2&#39;,3&#39;:4,5] pyrrolo[3,2-g] thieno [2&#39;,3&#39;:4,5]thieno[3,2-b]indole-2,10-diyl)bis(methanylylidene)) bis(3-oxo-2,3-dihydro1H-indene- 2,1 -diylidene))dimalononitrile) (BTP) -based electron acceptor material, a second acceptor material, and an electron donor material which comprises poly[(2,5-bis(2-hexyldecyloxy) phenylene)- alt -(5,6-difluoro-4,7-di(thiophen-2-yl)benzo[c][1,2,5]thiadiazole)] (PPDT2FBT). In an aspect, a N-annulated perylene diimide dimer (tPDI 2 N-EH, PDI) acceptor material was incorporated into a blend of donor polymer material (PPDT2FBT) and fullerene acceptor [6,6]- phenyl-C 61  -butyric acid methyl ester (PC 61 BM) material to give ternary bulk heterojunction (BHJ) blends. In a further aspect, a BTP-based electron acceptor material was incorporated into a blend of donor polymer material (PPDT2FBT) and fullerene acceptor [6,6]-phenyl-C 61 - butyric acid methyl ester (PC 61 BM) material to give ternary bulk heterojunction (BHJ) blends.",What is the electron donor material in the ternary bulk heterojunction blends?,"The electron donor material is poly[(2,5-bis(2-hexyldecyloxy)phenylene)-alt-(5,6-difluoro-4,7-di(thiophen-2-yl)benzo[c][1,2,5]thiadiazole)] (PPDT2FBT).",Sustainability & Technological Innovation Questions,4,"The question ""What is the electron donor material in the ternary bulk heterojunction blends?"" can be inferred from the context, which explicitly mentions the specific donor material used in the ternary blends, namely the poly[(2,5-bis(2-hexyldecyloxy)phenylene)-alt-(5,6-difluoro-4,7-di(thiophen-2-yl)benzo[c][1,2,5]thiadiazole)] (PPDT2FBT). However, the question is somewhat ambiguous as it does not explicitly state that PPDT2FBT is the electron donor material, but rather that it is a donor material in a blend with an electron acceptor material. Moreover, the question does not exclude the possibility that other electron donor materials might also be present in the blend.",3,"This question is very specific to a particular area of materials science and does not directly relate to machine learning or the Hugging Face ecosystem, which is primarily focused on NLP. The question might be relevant to understanding the properties of solar cells or researchers studying organic photovoltaics, but it does not offer insights into the application or implementation of machine learning in NLP. However, given the broadening connection between materials science and NLP (e.g., materials informatics in NLP), and considering the importance of understanding the underlying materials in various fields, the question could indirectly indicate the interplay between materials properties and their application depths. This makes it marginally useful for researchers working at the intersection of materials science and NLP.",5.0,"The question refers to a general concept of bulk heterojunctions and ternary blends, which can be found in various fields, including materials science and photovoltaics."
8,"Novel organovoltaic materials and uses thereofOrganic photovoltaics (OPVs) based on a slot-die coated ternary blends for low-intensity light harvesting are disclosed herein. The ternary blends comprise either a N-annulated perylene diimide-based electron acceptor material or an aalkyl-12,13-dihydro[1,2,5] thiadiazolo[3,4e]thieno[2&#34;,3&#34;:4&#39;,5&#39;] thieno[2&#39;,3&#39;:4,5] pyrrolo[3,2-g] thieno [2&#39;,3&#39;:4,5]thieno[3,2-b]indole-2,10-diyl)bis(methanylylidene)) bis(3-oxo-2,3-dihydro1H-indene- 2,1 -diylidene))dimalononitrile) (BTP) -based electron acceptor material, a second acceptor material, and an electron donor material which comprises poly[(2,5-bis(2-hexyldecyloxy) phenylene)- alt -(5,6-difluoro-4,7-di(thiophen-2-yl)benzo[c][1,2,5]thiadiazole)] (PPDT2FBT). In an aspect, a N-annulated perylene diimide dimer (tPDI 2 N-EH, PDI) acceptor material was incorporated into a blend of donor polymer material (PPDT2FBT) and fullerene acceptor [6,6]- phenyl-C 61  -butyric acid methyl ester (PC 61 BM) material to give ternary bulk heterojunction (BHJ) blends. In a further aspect, a BTP-based electron acceptor material was incorporated into a blend of donor polymer material (PPDT2FBT) and fullerene acceptor [6,6]-phenyl-C 61 - butyric acid methyl ester (PC 61 BM) material to give ternary bulk heterojunction (BHJ) blends.",Which fullerene acceptor material is incorporated into the ternary bulk heterojunction blends?,"The fullerene acceptor material incorporated is [6,6]-phenyl-C61-butyric acid methyl ester (PC61BM).",Sustainability & Technological Innovation Questions,5,"The question is clearly asking for a specific type of fullerene acceptor material that is incorporated into the ternary bulk heterojunction blends, and the context provides detailed information about the specific examples of fullerene acceptors mentioned, such as PC61BM. The question does not require any additional processing or interpretation beyond identifying the type of fullerene material.",4,"This question is moderately useful for machine learning developers building NLP applications, as it provides a specific technical detail about a material used in the field of organic photovoltaics, which could be relevant to developers working on applications like solar energy or e-paper displays. The question requires some basic knowledge of chemistry and materials science, but does not directly relate to NLP concepts.",5.0,"The question uses technical terms such as ""fullerene"" and ""bulk heterojunction blends"" that are commonly used in the context of organic photovoltaics, and the answer can be deduced without any additional information."
52,"Village and town cleaning heat supply system utilizing solar energy, wind energy and hot water heat accumulatorThe invention belongs to the technical field of heat supply and heat storage of renewable energy sources, and provides a village and town clean heat supply system utilizing solar energy, wind energy and a hot water heat accumulator. The prepared hot water is stored in the heat accumulator by utilizing solar energy and wind energy as a heating source together with a hot water heat accumulation technology. When the temperature of the hot water meets the requirement, the hot water is directly used for heat supply, and when the temperature of the hot water is insufficient, the wind power is used for secondary heating to supplement heat and ensure that the temperature of the outlet water of the water tank meets the requirement; the wind power generation is used for heat compensation and electric tracing of the outdoor part of the pipeline and the heat-insulating layer of the high-level water tank. The invention solves the problem of unstable heat supply of solar energy and wind energy, ensures the reliability of heat supply, has simple system, convenient installation and small occupied area, is suitable for areas which can not realize large-scale central heat supply, breaks through the traditional heat supply mode of bulk coal combustion or wood straw combustion, effectively solves the problems of village and town heat supply, excessive dispersion, low efficiency and high pollution, and reduces the operation cost and the carbon emission of village and town heat supply.",What is the purpose of the village and town clean heat supply system described in the text?,"The purpose of the system is to provide a reliable and clean heat supply for villages and towns by utilizing solar energy, wind energy, and a hot water heat accumulator, reducing reliance on traditional polluting methods like coal or wood combustion.",Sustainability & Technological Innovation Questions,5,"The context provides a clear overview of the system's functionality, purpose, and benefits, making it straightforward to understand the answer without any ambiguity.",3,"The question appears to be asking about a specific system mentioned in a text, which suggests that the question might be seeking information about a particular concept or technology. However, the question is too brief and does not provide context about the text itself, which might be necessary to fully understand the purpose of the system. The question also does not specify which system is being referred to, nor what aspects of the system the asker is interested in (e.g., its functionality, design, applications), which makes it harder for someone reading the question to provide a relevant answer without more information.",5.0,"The question provides a clear and specific reference to a system described in a text, suggesting that the context of the text would be needed to provide a complete answer. However, the term ""village and town clean heat supply system"" is a well-defined concept that is accessible to a non-expert without additional information."
76,"Active power control method of water-fire-wind-solar energy storage multi-energy complementary integrated power supplyThe invention discloses an active power control method of a water-fire wind-solar energy storage multi-energy complementary integrated power supply, which is characterized in that units with similar power generation types are classified into a power supply unit for regulation, and a conventional power supply, an energy storage power supply and a new energy power supply which participate in forming the complementary integrated power supply are coordinately controlled through a multi-energy complementary power supply centralized control center; the complementary integrated power supply centralized control center is provided with a comprehensive control module, and the comprehensive control center is provided with a secondary control module comprising a conventional power supply + energy storage power supply complementary integrated unit, a new energy source + energy storage power supply complementary integrated unit, a conventional power supply + new energy source complementary integrated unit, and a conventional power supply + new energy source + energy storage power supply complementary integrated unit for meeting different combination modes of participating in power supply. The invention organically combines various power supply regulation mechanisms, and utilizes the power supply with better regulation performance to carry out compensation regulation on the power supply with poorer regulation performance or the power supply without regulation capacity so as to improve the total active power regulation performance of the complementary integrated power supply.",How are the power supply units classified for regulation in the active power control method?,"Units with similar power generation types are classified into a power supply unit for regulation, such as conventional + energy storage, new energy + energy storage, conventional + new energy, and conventional + new energy + energy storage complementary integrated units.",Government & Corporate Initiatives,3,"The context provides a clear description of the active power control method and its components, including the classification of power supply units for regulation. However, the actual classification method for power supply units for regulation is not explicitly stated. The provided information suggests that the classification is likely based on power generation types, but the exact classification criteria are not specified.",4,"The question is well-defined and specific, focusing on a particular aspect of active power control, which is a crucial component of many electrical engineering applications. The question's specificity and relevance to the topic indicate that it could be answered with concise and accurate information. However, without more context, it may be difficult to determine the exact classification or technical details being sought. This might require additional constraints or clarification to provide a fully detailed answer. Nonetheless, the question's clarity makes it useful for referencing or basic information.",4.0,"The question assumes knowledge of the concept of active power control and the classification of power supply units (PSUs) in this context. The question also implies that the classification is a relevant aspect of the active power control method, but the classification itself is not specified. Therefore, the question relies on the reader's prior knowledge or understanding of the topic."
77,"Active power control method of water-fire-wind-solar energy storage multi-energy complementary integrated power supplyThe invention discloses an active power control method of a water-fire wind-solar energy storage multi-energy complementary integrated power supply, which is characterized in that units with similar power generation types are classified into a power supply unit for regulation, and a conventional power supply, an energy storage power supply and a new energy power supply which participate in forming the complementary integrated power supply are coordinately controlled through a multi-energy complementary power supply centralized control center; the complementary integrated power supply centralized control center is provided with a comprehensive control module, and the comprehensive control center is provided with a secondary control module comprising a conventional power supply + energy storage power supply complementary integrated unit, a new energy source + energy storage power supply complementary integrated unit, a conventional power supply + new energy source complementary integrated unit, and a conventional power supply + new energy source + energy storage power supply complementary integrated unit for meeting different combination modes of participating in power supply. The invention organically combines various power supply regulation mechanisms, and utilizes the power supply with better regulation performance to carry out compensation regulation on the power supply with poorer regulation performance or the power supply without regulation capacity so as to improve the total active power regulation performance of the complementary integrated power supply.",What role does the multi-energy complementary power supply centralized control center play?,"The centralized control center coordinately controls the conventional, energy storage, and new energy power supplies participating in the complementary integrated power supply, utilizing power supplies with better regulation performance to compensate for those with poorer or no regulation capacity.",Sustainability & Technological Innovation Questions,5,"The context provides a detailed description of the multi-energy complementary power supply centralized control center, including its role in coordinating the control of different power supply units, its comprehensive control module, and its secondary control module. The question about the role of the multi-energy complementary power supply centralized control center can be inferred to be related to its function in regulating and coordinating the power supply units. The context provides sufficient information to make a clear and unambiguous connection between the centralized control center and its role.",3,"The question asks about a specific technical component in a power supply system, which might be relevant to only a subset of machine learning engineers working on power systems or grid management applications, and could be found in specialized literature or technical documentation related to power systems. For those familiar with such systems, it might provide useful context, but for general machine learning engineers working with NLP on other applications, the question may not be directly relevant.",5.0,"The question seems to refer to a specific context, likely in a technical or industrial setting, given the mention of a ""multi-energy complementary power supply"" and a ""centralized control center"". The clarity of the question, however, allows the reader to understand its meaning without requiring external context."
91,"Natural resource information collection device based on crowd sensingThe utility model discloses a natural resource information collecting device based on crowd sensing, and belongs to the technical field of equipment for monitoring natural resources. The utility model provides a natural resource information collection device based on crowd&#39;s intelligence perception, includes PMKD, PMKD top surface left side is equipped with the natural resource information collection equipment main part based on crowd&#39;s intelligence perception, and the supporting shoe middle part is equipped with the main shaft, and carousel circumference outer wall is equipped with a plurality of impellers, and drive plate outer wall middle part is equipped with a plurality of first guide pillars, and PMKD top surface middle part is equipped with the socket sleeve, and socket sleeve circumference inner wall sliding connection has the socket bar, and the socket bar upper end is equipped with dummy&#39;s model, and the driven plate middle part is equipped with a plurality of second guide pillars. According to the utility model, through the cooperation of the impellers arranged on the outer wall of the circumference of the rotary table, the first guide pillars on the outer wall of the driving disc, the dummy model on the upper end of the bearing rod and the second guide pillars on the outer wall of the driven disc, the birds can be prevented from nesting on the device to influence the result of wind energy resource information collection.",What components are used to prevent birds from nesting on the device?,"The device uses impellers on the outer wall of the rotary table, first guide pillars on the driving disc, a dummy model on the upper end of the bearing rod, and second guide pillars on the driven disc to deter birds from nesting.",Sustainability & Technological Innovation Questions,4,"The context describes a device for collecting natural resource information based on crowd sensing, which includes various mechanical components such as impellers, guide pillars, sockets, and a rotary table. The device is designed to prevent birds from nesting on it. The context provides a clear description of the device's structure and the mechanisms used to achieve this purpose. However, the question ""What components are used to prevent birds from nesting on the device?"" is not directly answered by the context, as it asks for a specific detail rather than a general description of the device's purpose.",3,"This question is quite specific and focused on a particular issue that may arise with a device used in NLP applications, such as computer vision systems. The question is straightforward and asks for a specific solution to a problem. It may be relevant to developers who are working on projects that involve object detection or image classification, but it may not be directly related to the core NLP tasks such as language modeling or text classification.",4.0,"The question is concise and directly asks about a specific security measure on a device, implying a common understanding of the purpose of such components. However, it requires some outside knowledge to understand that the question is about a security measure on a device, particularly one that is intended to prevent birds from nesting. The mention of ""device"" implies a specific context, and an understanding of common security measures against bird nesting would be needed to fully understand what the question is asking."
114,"Water conservancy and hydropower engineering construction tunnel internal flow guiding and drainage structureThe utility model discloses a water conservancy and hydropower engineering construction hole inner diversion drainage structure, which comprises a construction hole body, a plurality of cover plates and a plurality of reinforcing components, wherein the construction hole body comprises a hole body side wall, a hole body top wall and a hole body ground, the hole body side wall is provided with two holes, the lower ends of the two hole body side walls are connected with the left side and the right side of the hole body side wall, the hole body top wall is connected with the upper ends of the two hole body side walls, the left side and the right side of the hole body ground are respectively provided with a drainage ditch, the two drainage ditches extend along the length direction of the hole body ground, the plurality of cover plates are sequentially arranged at the upper ends of the two drainage ditches and are used for shielding drainage ditches, each cover plate is provided with a plurality of water leakage holes, the plurality of reinforcing components are sequentially arranged in the drainage ditches and are used for enhancing the stability of the two drainage ditch side walls, wherein each reinforcing component comprises two side plates and an adjusting rod, the two side plates are respectively attached to the left side and the right side of the drainage ditches, adjust the pole and locate between the board of both sides for adjust the interval between the board of both sides, the utility model discloses simple to operate, the drainage is effectual.",What are the main components of the water conservancy and hydropower engineering construction tunnel inner diversion drainage structure?,"The main components include a construction hole body (comprising a hole body side wall, a hole body top wall, and a hole body ground), multiple cover plates, and multiple reinforcing components.",Sustainability & Technological Innovation Questions,4,"The question appears to be answerable based on the provided context, as it seems to be asking for a specific and well-defined list of components. However, the question's wording is somewhat ambiguous, and it may require some inference to determine the main components. Nevertheless, the context provides sufficient information to arrive at a clear answer.",4,"The given question is a specific and precise inquiry about the main components of a particular type of infrastructure structure in water conservancy and hydropower engineering. It shows a clear understanding of the topic and is likely to elicit a detailed and accurate response from experts in the field. The question's specificity makes it useful for those looking for technical information about tunnel inner diversion drainage structures, but it might not be directly applicable to general NLP tasks or more abstract concepts.",3.0,"The question refers to a specific type of engineering structure and its components, indicating that the question is clear and well-defined. However, the context in which this structure is being discussed is not explicitly mentioned, so it may be assumed that the question is intended for a general audience with knowledge of engineering principles. The presence of technical terms like ""water conservancy and hydropower engineering construction"" suggests that additional context may be necessary for someone without specialized knowledge to fully understand the question."
127,"Automatic meteorological observation instrument with lightning protection and anti-static functionsThe utility model relates to a meteorological observation technical field, concretely relates to automatic meteorological observation appearance with static is prevented in lightning protection, including the body frame body, the middle part fixedly connected with solar energy power supply board of body frame body right wall, the middle part fixedly connected with environmental detector of body frame body left wall, the positive fixedly connected with all sky imager at body frame body right wall top, the right side fixedly connected with subassembly temperature sensor at solar energy power supply board top, the full-automatic sun tracker of left side fixedly connected with at body frame body top, the straight radiation sensor of middle part fixedly connected with at the full-automatic sun tracker back, the right side fixedly connected with at body frame body top has horizontal total radiation sensor. The utility model overcomes prior art&#39;s is not enough, through setting up lightning-arrest stake and prevent electrostatic coating, has solved because dangerous great condition leads to the unable data collection of meteorological observation appearance and the relatively poor great problem of messenger&#39;s the device probability of damage of lightning-arrest effect in thunderstorm weather.",What problem does the utility model solve compared to prior art?,The utility model solves the problem of meteorological observation instruments being unable to collect data and having a high probability of damage during thunderstorm weather due to insufficient lightning protection and anti-static measures.,Analytical & Explanatory Questions,5,"The context provides a detailed description of the utility model, which is a meteorological observation instrument with lightning protection and anti-static functions. The question asks about the problem that the utility model solves compared to prior art. The context explicitly states that the utility model overcomes prior art's limitations by setting up lightning-arrest stakes and preventing electrostatic coating, which leads to improved data collection and reduced risk of device damage in thunderstorm weather. This suggests that the utility model addresses a specific problem related to prior art, and the context provides enough information to answer the question unambiguously.",5,"The question seems to be related to a technical aspect of the utility model, possibly in the context of Hugging Face's ecosystem, which is used for NLP applications. The question is clear and concise, inquiring about the specific problem that the utility model solves, implying a comparison with existing solutions or prior art. This suggests that the question is related to the evaluation or analysis of the utility model's performance or capabilities, which could be valuable for developers looking to understand how this model stacks up against other models or approaches.",4.0,"The question assumes some basic knowledge of the topic and the concept of ""prior art"" in general, but does not contain any context that relies on specific information from a documentation or setting, unlike questions that would require the identification of a specific model or paper. However, the term ""utility model"" might require some context to fully understand what specific problem the question is referencing. Nonetheless, it's clear enough for an operator with basic knowledge of AI to understand the general nature of the question."
134,"Long hydropower station penstock block structure that drawsThe utility model discloses a pressure steel pipe plugging structure of a long-diversion hydropower station, which comprises a pressure steel pipe, wherein at least one circle of inner side water-blocking ring is arranged at the upstream of the plugging position of the pressure steel pipe, and at least one circle of expansion water-stopping strip is arranged at the downstream of the plugging position of the pressure steel pipe; fixing at least one drainage steel pipe parallel to the axis of the pressure steel pipe at the plugging position of the pressure steel pipe; after the inner side water blocking ring, the expansion water stop bar and the drainage steel pipe are positioned and installed, filling micro-expansion concrete at the plugging position of the pressure steel pipe to form a micro-expansion concrete plug; the inner side water blocking ring and the expansion water stopping strip are both positioned in the micro-expansion concrete plug, and two ends of the drainage steel pipe penetrate through two ends of the micro-expansion concrete plug; the downstream end of the drainage steel pipe is provided with an automatic drainage valve. According to the utility model, through structural arrangement optimization, the problem of leakage between concrete and a steel pipe is well solved, the length and the construction time of the micro-expansion concrete plug are shortened, and the engineering investment is saved.",What benefits does the utility model provide for the plugging structure?,"The utility model solves the leakage problem between concrete and the steel pipe, shortens the length and construction time of the micro-expansion concrete plug, and reduces engineering investment through structural optimization.",Government & Corporate Initiatives,5,"The question is clearly and unambiguously answerable given the provided context, and the answer can be deduced by summarizing the key points of the utility model.",4,"The utility model is likely referring to a utility-based NLP model, which can provide various benefits for plugging structure, such as enabling effective and efficient natural language understanding by modeling the relationships between entities and their contexts, improving dependency parsing and sentence structuring, facilitating semantic role labeling, and enhancing the overall performance of downstream NLP tasks. These benefits might also include improved handling of out-of-vocabulary words, better support for domain-specific language, and enhanced contextual understanding, ultimately aiding in more accurate modeling of complex linguistic structures.",5.0,"The question refers to a specific concept, 'utility model' and 'plugging structure', without providing any additional context. However, the term 'utility model' might be familiar to an operator with knowledge of Gradio, a Python library for building, deploying, and hosting machine learning models. Nevertheless, the question is likely to make sense for someone with a basic understanding of Gradio and its architecture."
